[{"model": "auth.permission", "pk": 1, "fields": {"name": "Can add log entry", "content_type": 1, "codename": "add_logentry"}}, {"model": "auth.permission", "pk": 2, "fields": {"name": "Can change log entry", "content_type": 1, "codename": "change_logentry"}}, {"model": "auth.permission", "pk": 3, "fields": {"name": "Can delete log entry", "content_type": 1, "codename": "delete_logentry"}}, {"model": "auth.permission", "pk": 4, "fields": {"name": "Can view log entry", "content_type": 1, "codename": "view_logentry"}}, {"model": "auth.permission", "pk": 5, "fields": {"name": "Can add permission", "content_type": 2, "codename": "add_permission"}}, {"model": "auth.permission", "pk": 6, "fields": {"name": "Can change permission", "content_type": 2, "codename": "change_permission"}}, {"model": "auth.permission", "pk": 7, "fields": {"name": "Can delete permission", "content_type": 2, "codename": "delete_permission"}}, {"model": "auth.permission", "pk": 8, "fields": {"name": "Can view permission", "content_type": 2, "codename": "view_permission"}}, {"model": "auth.permission", "pk": 9, "fields": {"name": "Can add group", "content_type": 3, "codename": "add_group"}}, {"model": "auth.permission", "pk": 10, "fields": {"name": "Can change group", "content_type": 3, "codename": "change_group"}}, {"model": "auth.permission", "pk": 11, "fields": {"name": "Can delete group", "content_type": 3, "codename": "delete_group"}}, {"model": "auth.permission", "pk": 12, "fields": {"name": "Can view group", "content_type": 3, "codename": "view_group"}}, {"model": "auth.permission", "pk": 13, "fields": {"name": "Can add user", "content_type": 4, "codename": "add_user"}}, {"model": "auth.permission", "pk": 14, "fields": {"name": "Can change user", "content_type": 4, "codename": "change_user"}}, {"model": "auth.permission", "pk": 15, "fields": {"name": "Can delete user", "content_type": 4, "codename": "delete_user"}}, {"model": "auth.permission", "pk": 16, "fields": {"name": "Can view user", "content_type": 4, "codename": "view_user"}}, {"model": "auth.permission", "pk": 17, "fields": {"name": "Can add content type", "content_type": 5, "codename": "add_contenttype"}}, {"model": "auth.permission", "pk": 18, "fields": {"name": "Can change content type", "content_type": 5, "codename": "change_contenttype"}}, {"model": "auth.permission", "pk": 19, "fields": {"name": "Can delete content type", "content_type": 5, "codename": "delete_contenttype"}}, {"model": "auth.permission", "pk": 20, "fields": {"name": "Can view content type", "content_type": 5, "codename": "view_contenttype"}}, {"model": "auth.permission", "pk": 21, "fields": {"name": "Can add session", "content_type": 6, "codename": "add_session"}}, {"model": "auth.permission", "pk": 22, "fields": {"name": "Can change session", "content_type": 6, "codename": "change_session"}}, {"model": "auth.permission", "pk": 23, "fields": {"name": "Can delete session", "content_type": 6, "codename": "delete_session"}}, {"model": "auth.permission", "pk": 24, "fields": {"name": "Can view session", "content_type": 6, "codename": "view_session"}}, {"model": "auth.permission", "pk": 25, "fields": {"name": "Can add transactions", "content_type": 7, "codename": "add_transactions"}}, {"model": "auth.permission", "pk": 26, "fields": {"name": "Can change transactions", "content_type": 7, "codename": "change_transactions"}}, {"model": "auth.permission", "pk": 27, "fields": {"name": "Can delete transactions", "content_type": 7, "codename": "delete_transactions"}}, {"model": "auth.permission", "pk": 28, "fields": {"name": "Can view transactions", "content_type": 7, "codename": "view_transactions"}}, {"model": "auth.permission", "pk": 29, "fields": {"name": "Can add transaction_ receiver", "content_type": 8, "codename": "add_transaction_receiver"}}, {"model": "auth.permission", "pk": 30, "fields": {"name": "Can change transaction_ receiver", "content_type": 8, "codename": "change_transaction_receiver"}}, {"model": "auth.permission", "pk": 31, "fields": {"name": "Can delete transaction_ receiver", "content_type": 8, "codename": "delete_transaction_receiver"}}, {"model": "auth.permission", "pk": 32, "fields": {"name": "Can view transaction_ receiver", "content_type": 8, "codename": "view_transaction_receiver"}}, {"model": "auth.permission", "pk": 33, "fields": {"name": "Can add transaction_ sender", "content_type": 9, "codename": "add_transaction_sender"}}, {"model": "auth.permission", "pk": 34, "fields": {"name": "Can change transaction_ sender", "content_type": 9, "codename": "change_transaction_sender"}}, {"model": "auth.permission", "pk": 35, "fields": {"name": "Can delete transaction_ sender", "content_type": 9, "codename": "delete_transaction_sender"}}, {"model": "auth.permission", "pk": 36, "fields": {"name": "Can view transaction_ sender", "content_type": 9, "codename": "view_transaction_sender"}}, {"model": "auth.permission", "pk": 37, "fields": {"name": "Can add request", "content_type": 10, "codename": "add_request"}}, {"model": "auth.permission", "pk": 38, "fields": {"name": "Can change request", "content_type": 10, "codename": "change_request"}}, {"model": "auth.permission", "pk": 39, "fields": {"name": "Can delete request", "content_type": 10, "codename": "delete_request"}}, {"model": "auth.permission", "pk": 40, "fields": {"name": "Can view request", "content_type": 10, "codename": "view_request"}}, {"model": "auth.permission", "pk": 41, "fields": {"name": "Can add profile", "content_type": 11, "codename": "add_profile"}}, {"model": "auth.permission", "pk": 42, "fields": {"name": "Can change profile", "content_type": 11, "codename": "change_profile"}}, {"model": "auth.permission", "pk": 43, "fields": {"name": "Can delete profile", "content_type": 11, "codename": "delete_profile"}}, {"model": "auth.permission", "pk": 44, "fields": {"name": "Can view profile", "content_type": 11, "codename": "view_profile"}}, {"model": "auth.permission", "pk": 45, "fields": {"name": "Can add notification", "content_type": 12, "codename": "add_notification"}}, {"model": "auth.permission", "pk": 46, "fields": {"name": "Can change notification", "content_type": 12, "codename": "change_notification"}}, {"model": "auth.permission", "pk": 47, "fields": {"name": "Can delete notification", "content_type": 12, "codename": "delete_notification"}}, {"model": "auth.permission", "pk": 48, "fields": {"name": "Can view notification", "content_type": 12, "codename": "view_notification"}}, {"model": "auth.permission", "pk": 49, "fields": {"name": "Can add site", "content_type": 13, "codename": "add_site"}}, {"model": "auth.permission", "pk": 50, "fields": {"name": "Can change site", "content_type": 13, "codename": "change_site"}}, {"model": "auth.permission", "pk": 51, "fields": {"name": "Can delete site", "content_type": 13, "codename": "delete_site"}}, {"model": "auth.permission", "pk": 52, "fields": {"name": "Can view site", "content_type": 13, "codename": "view_site"}}, {"model": "auth.user", "pk": 1, "fields": {"password": "pbkdf2_sha256$600000$wl7AF3sY0mpBFkSWsSP8I7$kq1sHc+i5/oaCPaUVgM9rCOTx1inP7tzvyPRIUp79fU=", "last_login": "2023-04-25T20:53:56.484Z", "is_superuser": true, "username": "admin1", "first_name": "", "last_name": "", "email": "", "is_staff": true, "is_active": true, "date_joined": "2023-04-24T15:35:26.505Z", "groups": [], "user_permissions": []}}, {"model": "auth.user", "pk": 2, "fields": {"password": "pbkdf2_sha256$600000$X26y5CanA56NFS4e1GTvKw$IZNjZXtkypaZdmR3jRuwdrBz+OE8zUDsoJEvqtZOmC8=", "last_login": "2023-04-26T09:29:20.506Z", "is_superuser": false, "username": "myuser1", "first_name": "usernumber", "last_name": "one", "email": "usernumber1@gmail.com", "is_staff": false, "is_active": true, "date_joined": "2023-04-24T15:42:33.689Z", "groups": [], "user_permissions": []}}, {"model": "auth.user", "pk": 3, "fields": {"password": "pbkdf2_sha256$600000$Jq1XgwqcJjr5YzBpS71S6s$nYJnKfNcO6JydPyIAotuo/zoA+RfE472E37VGwr39hY=", "last_login": "2023-04-25T20:54:32.331Z", "is_superuser": false, "username": "myuser2", "first_name": "myuser", "last_name": "two", "email": "username2@gmail.com", "is_staff": false, "is_active": true, "date_joined": "2023-04-24T15:43:27.832Z", "groups": [], "user_permissions": []}}, {"model": "auth.user", "pk": 4, "fields": {"password": "pbkdf2_sha256$390000$VEHbxhoOORgc478jB7b1nd$laHKFHjw+quZpWDLGTKkS5kZrTuKjULiAaPT5pIKj4o=", "last_login": null, "is_superuser": true, "username": "secondadmin", "first_name": "", "last_name": "", "email": "secondadmin@gmail.com", "is_staff": true, "is_active": true, "date_joined": "2023-04-24T21:45:40.012Z", "groups": [], "user_permissions": []}}, {"model": "auth.user", "pk": 5, "fields": {"password": "pbkdf2_sha256$600000$xPJCcO57IwLSYewQFtseup$xd0e9YDdgaQ0W/mLqW1jWbpW0a1ylLvoYqe/iifeyy4=", "last_login": "2023-04-25T13:29:24.583Z", "is_superuser": false, "username": "myuser3", "first_name": "user", "last_name": "three", "email": "ahmedwaseel0@gmail.com", "is_staff": false, "is_active": true, "date_joined": "2023-04-25T13:29:09.336Z", "groups": [], "user_permissions": []}}, {"model": "auth.user", "pk": 6, "fields": {"password": "pbkdf2_sha256$600000$1x7YRB7WrdMM8zxcJVzPp1$H+18SEeYHzfPg5fgIl66nD7kjM8i/N/KVTvOv4qd5Vs=", "last_login": "2023-04-25T19:58:11.786Z", "is_superuser": false, "username": "newUser", "first_name": "new", "last_name": "user", "email": "newuser@webapps.com", "is_staff": false, "is_active": true, "date_joined": "2023-04-25T19:38:11.465Z", "groups": [], "user_permissions": []}}, {"model": "auth.user", "pk": 7, "fields": {"password": "pbkdf2_sha256$600000$jaDR8KXpoTqSPCQnXarvIv$UPStYtsz6aDiYrqSSuqw6nrtRGzWKdCEBYzSlgLMbJs=", "last_login": "2023-04-25T20:36:21.753Z", "is_superuser": true, "username": "newadmin1", "first_name": "", "last_name": "", "email": "", "is_staff": true, "is_active": true, "date_joined": "2023-04-25T20:31:11.380Z", "groups": [], "user_permissions": []}}, {"model": "auth.user", "pk": 8, "fields": {"password": "pbkdf2_sha256$600000$pOeHmbiq8luXXZIrtANmIx$0XxVxnjt+lzG2yLJ8qvkqPfKZKChCTHkTrzAJftQF7g=", "last_login": null, "is_superuser": false, "username": "myusernew", "first_name": "new", "last_name": "user", "email": "ahmed@yahoo.com", "is_staff": false, "is_active": true, "date_joined": "2023-04-25T20:35:25.061Z", "groups": [], "user_permissions": []}}, {"model": "auth.user", "pk": 9, "fields": {"password": "pbkdf2_sha256$600000$Wx76AM549klDM99CGlZuCW$SlmTm4QxAcM/8CdvBKTeaxYsIXQ8izPc7nXstUsYYL4=", "last_login": null, "is_superuser": false, "username": "mynewuser", "first_name": "new", "last_name": "user", "email": "user@gmail.com", "is_staff": false, "is_active": true, "date_joined": "2023-04-25T20:38:00.464Z", "groups": [], "user_permissions": []}}, {"model": "auth.user", "pk": 10, "fields": {"password": "pbkdf2_sha256$600000$zBnP4l4msGe3bqogP6ESBA$P6akAr+KxSIype7lAIqwjJ4Ja9NTbzGl8HOnuWbQBjQ=", "last_login": "2023-04-25T20:43:13.615Z", "is_superuser": true, "username": "testadmin", "first_name": "", "last_name": "", "email": "", "is_staff": true, "is_active": true, "date_joined": "2023-04-25T20:39:16.072Z", "groups": [], "user_permissions": []}}, {"model": "auth.user", "pk": 11, "fields": {"password": "pbkdf2_sha256$600000$zuJFz0OccWgCc0M096gZK8$uz8dRfuJvaOkcTOgmqbBxwPjAqhk0QGP9l9Gd9w8MFo=", "last_login": null, "is_superuser": false, "username": "testagain", "first_name": "test", "last_name": "again", "email": "Cure@gmail.com", "is_staff": false, "is_active": true, "date_joined": "2023-04-25T20:53:43.116Z", "groups": [], "user_permissions": []}}, {"model": "auth.user", "pk": 12, "fields": {"password": "pbkdf2_sha256$600000$pyR9DYD4mbFsZSlF2xVKfJ$bqAYcnraO5Z96GeKuoyDtGswmCl66hq3zA2wLGaw2Ww=", "last_login": null, "is_superuser": true, "username": "testagainadmin", "first_name": "", "last_name": "", "email": "", "is_staff": true, "is_active": true, "date_joined": "2023-04-25T20:54:20.320Z", "groups": [], "user_permissions": []}}, {"model": "contenttypes.contenttype", "pk": 1, "fields": {"app_label": "admin", "model": "logentry"}}, {"model": "contenttypes.contenttype", "pk": 2, "fields": {"app_label": "auth", "model": "permission"}}, {"model": "contenttypes.contenttype", "pk": 3, "fields": {"app_label": "auth", "model": "group"}}, {"model": "contenttypes.contenttype", "pk": 4, "fields": {"app_label": "auth", "model": "user"}}, {"model": "contenttypes.contenttype", "pk": 5, "fields": {"app_label": "contenttypes", "model": "contenttype"}}, {"model": "contenttypes.contenttype", "pk": 6, "fields": {"app_label": "sessions", "model": "session"}}, {"model": "contenttypes.contenttype", "pk": 7, "fields": {"app_label": "paymentApp", "model": "transactions"}}, {"model": "contenttypes.contenttype", "pk": 8, "fields": {"app_label": "paymentApp", "model": "transaction_receiver"}}, {"model": "contenttypes.contenttype", "pk": 9, "fields": {"app_label": "paymentApp", "model": "transaction_sender"}}, {"model": "contenttypes.contenttype", "pk": 10, "fields": {"app_label": "paymentApp", "model": "request"}}, {"model": "contenttypes.contenttype", "pk": 11, "fields": {"app_label": "register", "model": "profile"}}, {"model": "contenttypes.contenttype", "pk": 12, "fields": {"app_label": "notifications", "model": "notification"}}, {"model": "contenttypes.contenttype", "pk": 13, "fields": {"app_label": "sites", "model": "site"}}, {"model": "sessions.session", "pk": "3u8r4vgol4y0ycfhpta3s731j278al4v", "fields": {"session_data": ".eJxVjDsOwjAQBe_iGlmOv1lK-pzB2vUHB5AjxUmFuDuOlALamXnvzTzuW_F7S6ufI7syxS6_jDA8Uz1EfGC9LzwsdVtn4kfCT9v4tMT0up3t30HBVvpaA5I2AUk6ZYwEdJac0Fl1LkcUo6NsI0BPUAdBQsWBICvhksUBNPt8AeA9N80:1prPWQ:bbvTwYyAkWaUOW1I0T7fipFLW5ivj92jjScN3qCqmt8", "expire_date": "2023-05-09T20:44:22.181Z"}}, {"model": "sessions.session", "pk": "6yuhp1rauaoqsfainabnv7v6lwjgjzzm", "fields": {"session_data": "e30:1prPYN:4tyytFQWYTD_UWL4Ooo89kHmySza_Ir-DW2hrc7Ycro", "expire_date": "2023-05-09T20:46:23.511Z"}}, {"model": "sessions.session", "pk": "e4jxs0y0rhlg04z03sn9oegc5mzd6hy8", "fields": {"session_data": "e30:1prP8J:SO-qaqBB69humsrvgiH5V0OBcIxLe3gP1GhCfB5wD20", "expire_date": "2023-05-09T20:19:27.385Z"}}, {"model": "paymentApp.transactions", "pk": 1, "fields": {"title": "Please take this 1 eur0", "create_at": "2023-04-24", "time": "16:44:40.115", "transferred_amount": "1.00", "sender_id": 3, "receiver_id": 2, "request_type": "Direct", "received_amount": "0.88"}}, {"model": "paymentApp.transactions", "pk": 2, "fields": {"title": "i need 500 please, decline first request", "create_at": "2023-04-24", "time": "16:47:12.426", "transferred_amount": "569.25", "sender_id": 3, "receiver_id": 2, "request_type": "Request", "received_amount": "500.00"}}, {"model": "paymentApp.transactions", "pk": 3, "fields": {"title": "Testing 10 pounds", "create_at": "2023-04-24", "time": "17:52:44.621", "transferred_amount": "10.00", "sender_id": 2, "receiver_id": 3, "request_type": "Direct", "received_amount": "11.38"}}, {"model": "paymentApp.transactions", "pk": 4, "fields": {"title": "Testing 10 pounds", "create_at": "2023-04-24", "time": "18:01:47.146", "transferred_amount": "10.00", "sender_id": 2, "receiver_id": 3, "request_type": "Direct", "received_amount": "11.38"}}, {"model": "paymentApp.transactions", "pk": 5, "fields": {"title": "Testing 10 pounds", "create_at": "2023-04-24", "time": "18:03:46.245", "transferred_amount": "10.00", "sender_id": 2, "receiver_id": 3, "request_type": "Direct", "received_amount": "11.38"}}, {"model": "paymentApp.transactions", "pk": 6, "fields": {"title": "send me asap", "create_at": "2023-04-25", "time": "11:22:29.489", "transferred_amount": "100.00", "sender_id": 2, "receiver_id": 3, "request_type": "Request", "received_amount": "100.00"}}, {"model": "paymentApp.transactions", "pk": 7, "fields": {"title": "12 euros for snacks", "create_at": "2023-04-25", "time": "12:15:56.821", "transferred_amount": "12.00", "sender_id": 2, "receiver_id": 3, "request_type": "Direct", "received_amount": "12.00"}}, {"model": "paymentApp.transactions", "pk": 8, "fields": {"title": "please send me more money", "create_at": "2023-04-25", "time": "12:17:28.326", "transferred_amount": "100.00", "sender_id": 3, "receiver_id": 2, "request_type": "Request", "received_amount": "100.00"}}, {"model": "paymentApp.transactions", "pk": 9, "fields": {"title": "please take this", "create_at": "2023-04-25", "time": "20:57:28.446", "transferred_amount": "12.00", "sender_id": 6, "receiver_id": 2, "request_type": "Direct", "received_amount": "12.00"}}, {"model": "paymentApp.transactions", "pk": 10, "fields": {"title": "hello", "create_at": "2023-04-25", "time": "21:44:33.539", "transferred_amount": "10.00", "sender_id": 3, "receiver_id": 2, "request_type": "Direct", "received_amount": "9.30"}}, {"model": "paymentApp.transactions", "pk": 11, "fields": {"title": "test agains", "create_at": "2023-04-25", "time": "21:54:44.607", "transferred_amount": "1.00", "sender_id": 3, "receiver_id": 2, "request_type": "Direct", "received_amount": "1.00"}}, {"model": "paymentApp.transactions", "pk": 12, "fields": {"title": "hello give me my money back", "create_at": "2023-04-25", "time": "21:55:21.653", "transferred_amount": "1.00", "sender_id": 2, "receiver_id": 3, "request_type": "Request", "received_amount": "1.00"}}, {"model": "paymentApp.transactions", "pk": 13, "fields": {"title": "Nothing its just a small gift", "create_at": "2023-04-26", "time": "10:05:46.490", "transferred_amount": "1.00", "sender_id": 2, "receiver_id": 3, "request_type": "Direct", "received_amount": "1.07"}}, {"model": "paymentApp.transactions", "pk": 14, "fields": {"title": "hello", "create_at": "2023-04-26", "time": "10:05:54.317", "transferred_amount": "1.00", "sender_id": 2, "receiver_id": 3, "request_type": "Direct", "received_amount": "1.07"}}, {"model": "paymentApp.transaction_receiver", "pk": 1, "fields": {"transaction": 1, "balance": "1000.00", "new_balance": "1000.88", "currency": "GBP"}}, {"model": "paymentApp.transaction_receiver", "pk": 2, "fields": {"transaction": 2, "balance": "1000.88", "new_balance": "1500.88", "currency": "GBP"}}, {"model": "paymentApp.transaction_receiver", "pk": 3, "fields": {"transaction": 3, "balance": "568.25", "new_balance": "579.63", "currency": "EURO"}}, {"model": "paymentApp.transaction_receiver", "pk": 4, "fields": {"transaction": 4, "balance": "579.63", "new_balance": "591.01", "currency": "EURO"}}, {"model": "paymentApp.transaction_receiver", "pk": 5, "fields": {"transaction": 5, "balance": "591.01", "new_balance": "602.39", "currency": "EURO"}}, {"model": "paymentApp.transaction_receiver", "pk": 6, "fields": {"transaction": 6, "balance": "602.39", "new_balance": "702.39", "currency": "EURO"}}, {"model": "paymentApp.transaction_receiver", "pk": 7, "fields": {"transaction": 7, "balance": "702.39", "new_balance": "714.39", "currency": "EURO"}}, {"model": "paymentApp.transaction_receiver", "pk": 8, "fields": {"transaction": 8, "balance": "1562.59", "new_balance": "1662.59", "currency": "EURO"}}, {"model": "paymentApp.transaction_receiver", "pk": 9, "fields": {"transaction": 9, "balance": "1662.59", "new_balance": "1674.59", "currency": "EURO"}}, {"model": "paymentApp.transaction_receiver", "pk": 10, "fields": {"transaction": 10, "balance": "1674.59", "new_balance": "1683.89", "currency": "EURO"}}, {"model": "paymentApp.transaction_receiver", "pk": 11, "fields": {"transaction": 11, "balance": "1810.01", "new_balance": "1811.01", "currency": "USD"}}, {"model": "paymentApp.transaction_receiver", "pk": 12, "fields": {"transaction": 12, "balance": "649.41", "new_balance": "650.41", "currency": "USD"}}, {"model": "paymentApp.transaction_receiver", "pk": 13, "fields": {"transaction": 13, "balance": "650.41", "new_balance": "651.48", "currency": "USD"}}, {"model": "paymentApp.transaction_receiver", "pk": 14, "fields": {"transaction": 14, "balance": "651.48", "new_balance": "652.55", "currency": "USD"}}, {"model": "paymentApp.transaction_sender", "pk": 1, "fields": {"transaction": 1, "balance": "1138.50", "new_balance": "1137.50", "currency": "EURO"}}, {"model": "paymentApp.transaction_sender", "pk": 2, "fields": {"transaction": 2, "balance": "1137.50", "new_balance": "568.25", "currency": "EURO"}}, {"model": "paymentApp.transaction_sender", "pk": 3, "fields": {"transaction": 3, "balance": "1500.88", "new_balance": "1490.88", "currency": "GBP"}}, {"model": "paymentApp.transaction_sender", "pk": 4, "fields": {"transaction": 4, "balance": "1490.88", "new_balance": "1480.88", "currency": "GBP"}}, {"model": "paymentApp.transaction_sender", "pk": 5, "fields": {"transaction": 5, "balance": "1480.88", "new_balance": "1470.88", "currency": "GBP"}}, {"model": "paymentApp.transaction_sender", "pk": 6, "fields": {"transaction": 6, "balance": "1674.59", "new_balance": "1574.59", "currency": "EURO"}}, {"model": "paymentApp.transaction_sender", "pk": 7, "fields": {"transaction": 7, "balance": "1574.59", "new_balance": "1562.59", "currency": "EURO"}}, {"model": "paymentApp.transaction_sender", "pk": 8, "fields": {"transaction": 8, "balance": "714.39", "new_balance": "614.39", "currency": "EURO"}}, {"model": "paymentApp.transaction_sender", "pk": 9, "fields": {"transaction": 9, "balance": "1138.49", "new_balance": "1126.49", "currency": "EURO"}}, {"model": "paymentApp.transaction_sender", "pk": 10, "fields": {"transaction": 10, "balance": "660.41", "new_balance": "650.41", "currency": "USD"}}, {"model": "paymentApp.transaction_sender", "pk": 11, "fields": {"transaction": 11, "balance": "650.41", "new_balance": "649.41", "currency": "USD"}}, {"model": "paymentApp.transaction_sender", "pk": 12, "fields": {"transaction": 12, "balance": "1811.01", "new_balance": "1810.01", "currency": "USD"}}, {"model": "paymentApp.transaction_sender", "pk": 13, "fields": {"transaction": 13, "balance": "1683.89", "new_balance": "1682.89", "currency": "EURO"}}, {"model": "paymentApp.transaction_sender", "pk": 14, "fields": {"transaction": 14, "balance": "1682.89", "new_balance": "1681.89", "currency": "EURO"}}, {"model": "paymentApp.request", "pk": 1, "fields": {"title": "I need 500 pounds", "create_at": "2023-04-24", "time": "16:46:06.423", "requested_amount": "10.00", "requested_currency": "GBP", "request_sender": 2, "request_receiver": 3, "request_answer": "Cancelled", "request_trans": 0, "response": "2023-04-24T16:47:09.075Z"}}, {"model": "paymentApp.request", "pk": 2, "fields": {"title": "i need 500 please, decline first request", "create_at": "2023-04-24", "time": "16:46:28.174", "requested_amount": "500.00", "requested_currency": "GBP", "request_sender": 2, "request_receiver": 3, "request_answer": "Approved", "request_trans": 2, "response": "2023-04-24T16:47:12.469Z"}}, {"model": "paymentApp.request", "pk": 3, "fields": {"title": "send me asap", "create_at": "2023-04-24", "time": "18:23:08.177", "requested_amount": "100.00", "requested_currency": "EURO", "request_sender": 3, "request_receiver": 2, "request_answer": "Cancelled", "request_trans": 0, "response": "2023-04-24T22:39:25.974Z"}}, {"model": "paymentApp.request", "pk": 4, "fields": {"title": "send me asap", "create_at": "2023-04-24", "time": "18:27:47.073", "requested_amount": "100.00", "requested_currency": "EURO", "request_sender": 3, "request_receiver": 2, "request_answer": "Approved", "request_trans": 6, "response": "2023-04-25T11:22:29.517Z"}}, {"model": "paymentApp.request", "pk": 5, "fields": {"title": "please send me more money", "create_at": "2023-04-25", "time": "12:17:01.122", "requested_amount": "100.00", "requested_currency": "EURO", "request_sender": 2, "request_receiver": 3, "request_answer": "Approved", "request_trans": 8, "response": "2023-04-25T12:17:28.338Z"}}, {"model": "paymentApp.request", "pk": 6, "fields": {"title": "I need huge money", "create_at": "2023-04-25", "time": "12:18:29.970", "requested_amount": "10000.00", "requested_currency": "EURO", "request_sender": 3, "request_receiver": 2, "request_answer": "Cancelled", "request_trans": 0, "response": "2023-04-25T12:19:05.270Z"}}, {"model": "paymentApp.request", "pk": 7, "fields": {"title": "hello give me my money back", "create_at": "2023-04-25", "time": "21:55:06.682", "requested_amount": "1.00", "requested_currency": "USD", "request_sender": 3, "request_receiver": 2, "request_answer": "Approved", "request_trans": 12, "response": "2023-04-25T21:55:21.667Z"}}, {"model": "register.profile", "pk": 1, "fields": {"user": 2, "currency": "EURO", "balance": "1681.89", "mobile": "  ", "address_1": "Flat024a", "address_2": "", "post_code": "", "state": "", "area": "", "country": "", "region": ""}}, {"model": "register.profile", "pk": 2, "fields": {"user": 3, "currency": "USD", "balance": "652.55", "mobile": "   ", "address_1": "", "address_2": "", "post_code": "", "state": "", "area": "", "country": "", "region": ""}}, {"model": "register.profile", "pk": 3, "fields": {"user": 5, "currency": "USD", "balance": "1223.77", "mobile": "", "address_1": "", "address_2": "", "post_code": "", "state": "", "area": "", "country": "", "region": ""}}, {"model": "register.profile", "pk": 4, "fields": {"user": 6, "currency": "EURO", "balance": "1126.49", "mobile": "", "address_1": "", "address_2": "", "post_code": "", "state": "", "area": "", "country": "", "region": ""}}, {"model": "register.profile", "pk": 5, "fields": {"user": 9, "currency": "EURO", "balance": "1138.49", "mobile": "", "address_1": "", "address_2": "", "post_code": "", "state": "", "area": "", "country": "", "region": ""}}, {"model": "register.profile", "pk": 6, "fields": {"user": 11, "currency": "USD", "balance": "1223.77", "mobile": "", "address_1": "", "address_2": "", "post_code": "", "state": "", "area": "", "country": "", "region": ""}}, {"model": "notifications.notification", "pk": 1, "fields": {"level": "info", "recipient": 2, "unread": false, "actor_content_type": 4, "actor_object_id": "3", "verb": "Transfer", "description": "myuser2 has transferred 1.00 (Ç)", "target_content_type": 7, "target_object_id": "1", "action_object_content_type": null, "action_object_object_id": null, "timestamp": "2023-04-24T15:44:40.129Z", "public": true, "deleted": false, "emailed": false, "data": null}}, {"model": "notifications.notification", "pk": 2, "fields": {"level": "info", "recipient": 3, "unread": false, "actor_content_type": 4, "actor_object_id": "2", "verb": "Request", "description": "myuser1 has requested 10.00 (ú)", "target_content_type": 10, "target_object_id": "1", "action_object_content_type": null, "action_object_object_id": null, "timestamp": "2023-04-24T15:46:06.434Z", "public": true, "deleted": false, "emailed": false, "data": null}}, {"model": "notifications.notification", "pk": 3, "fields": {"level": "info", "recipient": 3, "unread": false, "actor_content_type": 4, "actor_object_id": "2", "verb": "Request", "description": "myuser1 has requested 500.00 (ú)", "target_content_type": 10, "target_object_id": "2", "action_object_content_type": null, "action_object_object_id": null, "timestamp": "2023-04-24T15:46:28.184Z", "public": true, "deleted": false, "emailed": false, "data": null}}, {"model": "notifications.notification", "pk": 4, "fields": {"level": "info", "recipient": 3, "unread": false, "actor_content_type": 4, "actor_object_id": "2", "verb": "Transfer", "description": "myuser1 has transferred 10.00 (ú)", "target_content_type": 7, "target_object_id": "3", "action_object_content_type": null, "action_object_object_id": null, "timestamp": "2023-04-24T16:52:44.642Z", "public": true, "deleted": false, "emailed": false, "data": null}}, {"model": "notifications.notification", "pk": 5, "fields": {"level": "info", "recipient": 3, "unread": false, "actor_content_type": 4, "actor_object_id": "2", "verb": "Transfer", "description": "myuser1 has transferred 10.00 (ú)", "target_content_type": 7, "target_object_id": "4", "action_object_content_type": null, "action_object_object_id": null, "timestamp": "2023-04-24T17:01:47.160Z", "public": true, "deleted": false, "emailed": false, "data": null}}, {"model": "notifications.notification", "pk": 6, "fields": {"level": "info", "recipient": 3, "unread": false, "actor_content_type": 4, "actor_object_id": "2", "verb": "Transfer", "description": "myuser1 has transferred 10.00 (ú)", "target_content_type": 7, "target_object_id": "5", "action_object_content_type": null, "action_object_object_id": null, "timestamp": "2023-04-24T17:03:46.259Z", "public": true, "deleted": false, "emailed": false, "data": null}}, {"model": "notifications.notification", "pk": 7, "fields": {"level": "info", "recipient": 2, "unread": false, "actor_content_type": 4, "actor_object_id": "3", "verb": "Request", "description": "myuser2 has requested 100.00 (Ç)", "target_content_type": 10, "target_object_id": "3", "action_object_content_type": null, "action_object_object_id": null, "timestamp": "2023-04-24T17:23:08.191Z", "public": true, "deleted": false, "emailed": false, "data": null}}, {"model": "notifications.notification", "pk": 8, "fields": {"level": "info", "recipient": 2, "unread": false, "actor_content_type": 4, "actor_object_id": "3", "verb": "Request", "description": "myuser2 has requested 100.00 (Ç)", "target_content_type": 10, "target_object_id": "4", "action_object_content_type": null, "action_object_object_id": null, "timestamp": "2023-04-24T17:27:47.106Z", "public": true, "deleted": false, "emailed": false, "data": null}}, {"model": "notifications.notification", "pk": 9, "fields": {"level": "info", "recipient": 3, "unread": false, "actor_content_type": 4, "actor_object_id": "2", "verb": "Transfer", "description": "myuser1 has transferred 12.00 (Ç)", "target_content_type": 7, "target_object_id": "7", "action_object_content_type": null, "action_object_object_id": null, "timestamp": "2023-04-25T11:15:56.852Z", "public": true, "deleted": false, "emailed": false, "data": null}}, {"model": "notifications.notification", "pk": 10, "fields": {"level": "info", "recipient": 3, "unread": false, "actor_content_type": 4, "actor_object_id": "2", "verb": "Request", "description": "myuser1 has requested 100.00 (Ç)", "target_content_type": 10, "target_object_id": "5", "action_object_content_type": null, "action_object_object_id": null, "timestamp": "2023-04-25T11:17:01.132Z", "public": true, "deleted": false, "emailed": false, "data": null}}, {"model": "notifications.notification", "pk": 11, "fields": {"level": "info", "recipient": 2, "unread": false, "actor_content_type": 4, "actor_object_id": "3", "verb": "Request", "description": "myuser2 has requested 10000.00 (Ç)", "target_content_type": 10, "target_object_id": "6", "action_object_content_type": null, "action_object_object_id": null, "timestamp": "2023-04-25T11:18:29.987Z", "public": true, "deleted": false, "emailed": false, "data": null}}, {"model": "notifications.notification", "pk": 12, "fields": {"level": "info", "recipient": 2, "unread": false, "actor_content_type": 4, "actor_object_id": "6", "verb": "Transfer", "description": "newUser has transferred 12.00 (Ç)", "target_content_type": 7, "target_object_id": "9", "action_object_content_type": null, "action_object_object_id": null, "timestamp": "2023-04-25T19:57:28.468Z", "public": true, "deleted": false, "emailed": false, "data": null}}, {"model": "notifications.notification", "pk": 13, "fields": {"level": "info", "recipient": 2, "unread": false, "actor_content_type": 4, "actor_object_id": "3", "verb": "Transfer", "description": "myuser2 has transferred 10.00 ($)", "target_content_type": 7, "target_object_id": "10", "action_object_content_type": null, "action_object_object_id": null, "timestamp": "2023-04-25T20:44:33.560Z", "public": true, "deleted": false, "emailed": false, "data": null}}, {"model": "notifications.notification", "pk": 14, "fields": {"level": "info", "recipient": 2, "unread": false, "actor_content_type": 4, "actor_object_id": "3", "verb": "Transfer", "description": "myuser2 has transferred 1.00 ($)", "target_content_type": 7, "target_object_id": "11", "action_object_content_type": null, "action_object_object_id": null, "timestamp": "2023-04-25T20:54:44.639Z", "public": true, "deleted": false, "emailed": false, "data": null}}, {"model": "notifications.notification", "pk": 15, "fields": {"level": "info", "recipient": 2, "unread": false, "actor_content_type": 4, "actor_object_id": "3", "verb": "Request", "description": "myuser2 has requested 1.00 ($)", "target_content_type": 10, "target_object_id": "7", "action_object_content_type": null, "action_object_object_id": null, "timestamp": "2023-04-25T20:55:06.712Z", "public": true, "deleted": false, "emailed": false, "data": null}}, {"model": "notifications.notification", "pk": 16, "fields": {"level": "info", "recipient": 3, "unread": true, "actor_content_type": 4, "actor_object_id": "2", "verb": "Transfer", "description": "myuser1 has transferred 1.00 (Ç)", "target_content_type": 7, "target_object_id": "13", "action_object_content_type": null, "action_object_object_id": null, "timestamp": "2023-04-26T09:05:46.542Z", "public": true, "deleted": false, "emailed": false, "data": null}}, {"model": "notifications.notification", "pk": 17, "fields": {"level": "info", "recipient": 3, "unread": true, "actor_content_type": 4, "actor_object_id": "2", "verb": "Transfer", "description": "myuser1 has transferred 1.00 (Ç)", "target_content_type": 7, "target_object_id": "14", "action_object_content_type": null, "action_object_object_id": null, "timestamp": "2023-04-26T09:05:54.334Z", "public": true, "deleted": false, "emailed": false, "data": null}}, {"model": "sites.site", "pk": 1, "fields": {"domain": "example.com", "name": "example.com"}}]
